topology,method,topsis_score,topsis_rank
balanced_tree,random,0.9215827505799379,1
balanced_tree,closeness,0.8568419852720196,2
balanced_tree,betweeness,0.8256575919367435,3
balanced_tree,spectral,0.20479602489230447,4
balanced_tree,degree,0.0,5
balanced_tree,pagerank,0.0,5
balanced_tree,rmc,0.0,5
barabasi_albert,betweeness,0.7961473106514344,1
barabasi_albert,random,0.7321148550898207,2
barabasi_albert,spectral,0.2786203161398613,3
barabasi_albert,degree,0.2430550904374938,4
barabasi_albert,pagerank,0.2430550904374938,4
barabasi_albert,rmc,0.2430550904374938,4
barabasi_albert,closeness,0.08824029922089836,7
bipartite_complete,spectral,0.999999999988206,1
bipartite_complete,random,0.938445654940217,2
bipartite_complete,betweeness,0.0,3
bipartite_complete,closeness,0.0,3
bipartite_complete,degree,0.0,3
bipartite_complete,pagerank,0.0,3
bipartite_complete,rmc,0.0,3
bipartite_random,spectral,0.9905763083324189,1
bipartite_random,betweeness,0.9662993946982135,2
bipartite_random,closeness,0.9662993946982135,2
bipartite_random,degree,0.6611715402005137,4
bipartite_random,pagerank,0.6611715402005137,4
bipartite_random,rmc,0.6611715402005137,4
bipartite_random,random,0.1743742833400695,7
complete,spectral,0.9999999999882151,1
complete,random,0.445164700067178,2
complete,betweeness,0.0591693781689679,3
complete,closeness,0.0591693781689679,3
complete,degree,0.0591693781689679,3
complete,pagerank,0.0591693781689679,3
complete,rmc,0.0591693781689679,3
erdos_renyi,spectral,0.7830377356655517,1
erdos_renyi,degree,0.41762340770910167,2
erdos_renyi,pagerank,0.41762340770910167,2
erdos_renyi,rmc,0.41762340770910167,2
erdos_renyi,random,0.34269395581060696,5
erdos_renyi,betweeness,0.20067404594085175,6
erdos_renyi,closeness,0.09691773875112199,7
geometric,random,0.9603015134146132,1
geometric,betweeness,0.7986735143017777,2
geometric,closeness,0.5194624071376099,3
geometric,spectral,0.2574787608779803,4
geometric,degree,0.06900912458373978,5
geometric,pagerank,0.06900912458373978,5
geometric,rmc,0.06900912458373978,5
mesh,degree,0.9919686056707095,1
mesh,pagerank,0.9919686056707095,1
mesh,rmc,0.9919686056707095,1
mesh,spectral,0.8886911502220839,4
mesh,closeness,0.7870734399485285,5
mesh,betweeness,0.6504303133638187,6
mesh,random,0.012565720110338834,7
path,random,0.9999999919751222,1
path,closeness,0.2896138031222899,2
path,betweeness,0.27384001087516435,3
path,degree,0.0,4
path,pagerank,0.0,4
path,rmc,0.0,4
path,spectral,0.0,4
powerlaw_cluster,betweeness,0.9793259133796344,1
powerlaw_cluster,spectral,0.6730914771343781,2
powerlaw_cluster,random,0.6513941302109938,3
powerlaw_cluster,degree,0.4274554182676942,4
powerlaw_cluster,pagerank,0.4274554182676942,4
powerlaw_cluster,rmc,0.4274554182676942,4
powerlaw_cluster,closeness,0.02067408661426837,7
random_regular,degree,0.9968882750009945,1
random_regular,pagerank,0.9968882750009945,1
random_regular,rmc,0.9968882750009945,1
random_regular,spectral,0.805008925494785,4
random_regular,betweeness,0.6685297508974087,5
random_regular,random,0.6484297250575082,6
random_regular,closeness,0.01696613186007375,7
ring,random,0.999999992781051,1
ring,closeness,0.33667908358680193,2
ring,betweeness,0.21138927307022232,3
ring,spectral,0.07749019593689148,4
ring,degree,0.0,5
ring,pagerank,0.0,5
ring,rmc,0.0,5
star,random,0.9999999999950729,1
star,spectral,0.9999999999950729,1
star,betweeness,0.0,3
star,closeness,0.0,3
star,degree,0.0,3
star,pagerank,0.0,3
star,rmc,0.0,3
stochastic_block,random,0.9273090092305817,1
stochastic_block,closeness,0.8816263389607476,2
stochastic_block,spectral,0.529746907833365,3
stochastic_block,betweeness,0.2669688157517833,4
stochastic_block,degree,0.1447857967081986,5
stochastic_block,pagerank,0.1447857967081986,5
stochastic_block,rmc,0.1447857967081986,5
watts_strogatz,closeness,0.9808549229800315,1
watts_strogatz,random,0.6765168201787735,2
watts_strogatz,betweeness,0.4858981780719132,3
watts_strogatz,spectral,0.29800122804854917,4
watts_strogatz,degree,0.029473359161818573,5
watts_strogatz,pagerank,0.029473359161818573,5
watts_strogatz,rmc,0.029473359161818573,5
