graph_size,method,topsis_score,topsis_rank
small,spectral,0.9999999999945518,1
small,random,0.9000607064666745,2
small,closeness,0.158776458646879,3
small,degree,0.1474863844558441,4
small,pagerank,0.1474863844558441,4
small,rmc,0.1474863844558441,4
small,betweeness,0.0,7
medium,spectral,0.9682584893931252,1
medium,random,0.7105176072705579,2
medium,degree,0.4870684457813038,3
medium,pagerank,0.4870684457813038,3
medium,rmc,0.4870684457813038,3
medium,closeness,0.4434939108310453,6
medium,betweeness,0.0,7
large,spectral,0.9999999999954712,1
large,closeness,0.9000594776507548,2
large,degree,0.899159404049817,3
large,pagerank,0.899159404049817,3
large,rmc,0.899159404049817,3
large,random,0.4019125599578142,6
large,betweeness,0.0,7
